﻿{"data":[{"Properties":{"domain":"DEMO.LOCAL","name":"POLICYTEMPLATE@DEMO.LOCAL","distinguishedname":"CN=POLICYTEMPLATE,CN=WMIPOLICY,CN=SYSTEM,DC=DEMO,DC=LOCAL","domainsid":"S-1-5-21-938073481-2205449962-3241949212","highvalue":false},"ChildObjects":[],"Aces":[{"PrincipalSID":"S-1-5-21-938073481-2205449962-3241949212-512","PrincipalType":"Group","RightName":"Owns","IsInherited":false},{"PrincipalSID":"S-1-5-21-938073481-2205449962-3241949212-512","PrincipalType":"Group","RightName":"WriteDacl","IsInherited":false},{"PrincipalSID":"S-1-5-21-938073481-2205449962-3241949212-512","PrincipalType":"Group","RightName":"WriteOwner","IsInherited":false},{"PrincipalSID":"S-1-5-21-938073481-2205449962-3241949212-519","PrincipalType":"Group","RightName":"GenericAll","IsInherited":true},{"PrincipalSID":"S-1-5-21-938073481-2205449962-3241949212-512","PrincipalType":"Group","RightName":"GenericAll","IsInherited":true}],"ObjectIdentifier":"077162A1-D721-49A5-9DF1-1F165356BA04","IsDeleted":false,"IsACLProtected":false},{"Properties":{"domain":"DEMO.LOCAL","name":"WMIPOLICY@DEMO.LOCAL","distinguishedname":"CN=WMIPOLICY,CN=SYSTEM,DC=DEMO,DC=LOCAL","domainsid":"S-1-5-21-938073481-2205449962-3241949212","highvalue":false},"ChildObjects":[],"Aces":[{"PrincipalSID":"S-1-5-21-938073481-2205449962-3241949212-512","PrincipalType":"Group","RightName":"Owns","IsInherited":false},{"PrincipalSID":"S-1-5-21-938073481-2205449962-3241949212-512","PrincipalType":"Group","RightName":"GenericAll","IsInherited":false},{"PrincipalSID":"S-1-5-21-938073481-2205449962-3241949212-519","PrincipalType":"Group","RightName":"GenericAll","IsInherited":false}],"ObjectIdentifier":"211BE90E-8BA2-4699-924F-F37324AD615F","IsDeleted":false,"IsACLProtected":true},{"Properties":{"domain":"DEMO.LOCAL","name":"ADMINSDHOLDER@DEMO.LOCAL","distinguishedname":"CN=ADMINSDHOLDER,CN=SYSTEM,DC=DEMO,DC=LOCAL","domainsid":"S-1-5-21-938073481-2205449962-3241949212","highvalue":false},"ChildObjects":[],"Aces":[{"PrincipalSID":"S-1-5-21-938073481-2205449962-3241949212-512","PrincipalType":"Group","RightName":"Owns","IsInherited":false},{"PrincipalSID":"DEMO.LOCAL-S-1-5-32-544","PrincipalType":"Group","RightName":"WriteDacl","IsInherited":false},{"PrincipalSID":"DEMO.LOCAL-S-1-5-32-544","PrincipalType":"Group","RightName":"WriteOwner","IsInherited":false},{"PrincipalSID":"S-1-5-21-938073481-2205449962-3241949212-512","PrincipalType":"Group","RightName":"WriteDacl","IsInherited":false},{"PrincipalSID":"S-1-5-21-938073481-2205449962-3241949212-512","PrincipalType":"Group","RightName":"WriteOwner","IsInherited":false},{"PrincipalSID":"S-1-5-21-938073481-2205449962-3241949212-519","PrincipalType":"Group","RightName":"WriteDacl","IsInherited":false},{"PrincipalSID":"S-1-5-21-938073481-2205449962-3241949212-519","PrincipalType":"Group","RightName":"WriteOwner","IsInherited":false}],"ObjectIdentifier":"5F6CAB2D-9E17-4BF3-B7B1-2C1A559B3B67","IsDeleted":false,"IsACLProtected":true},{"Properties":{"domain":"DEMO.LOCAL","name":"SOM@DEMO.LOCAL","distinguishedname":"CN=SOM,CN=WMIPOLICY,CN=SYSTEM,DC=DEMO,DC=LOCAL","domainsid":"S-1-5-21-938073481-2205449962-3241949212","highvalue":false},"ChildObjects":[],"Aces":[{"PrincipalSID":"S-1-5-21-938073481-2205449962-3241949212-512","PrincipalType":"Group","RightName":"Owns","IsInherited":false},{"PrincipalSID":"S-1-5-21-938073481-2205449962-3241949212-512","PrincipalType":"Group","RightName":"GenericAll","IsInherited":false},{"PrincipalSID":"S-1-5-21-938073481-2205449962-3241949212-519","PrincipalType":"Group","RightName":"GenericAll","IsInherited":false}],"ObjectIdentifier":"D3E7FF9D-F5E3-41AC-93F5-427D5E72D1FB","IsDeleted":false,"IsACLProtected":true},{"Properties":{"domain":"DEMO.LOCAL","name":"KEYS@DEMO.LOCAL","distinguishedname":"CN=KEYS,DC=DEMO,DC=LOCAL","domainsid":"S-1-5-21-938073481-2205449962-3241949212","highvalue":false},"ChildObjects":[],"Aces":[{"PrincipalSID":"S-1-5-21-938073481-2205449962-3241949212-512","PrincipalType":"Group","RightName":"Owns","IsInherited":false},{"PrincipalSID":"DEMO.LOCAL-S-1-5-9","PrincipalType":"Group","RightName":"GenericAll","IsInherited":false},{"PrincipalSID":"S-1-5-21-938073481-2205449962-3241949212-512","PrincipalType":"Group","RightName":"GenericAll","IsInherited":false},{"PrincipalSID":"S-1-5-21-938073481-2205449962-3241949212-516","PrincipalType":"Group","RightName":"GenericAll","IsInherited":false},{"PrincipalSID":"S-1-5-21-938073481-2205449962-3241949212-519","PrincipalType":"Group","RightName":"GenericAll","IsInherited":false},{"PrincipalSID":"S-1-5-21-938073481-2205449962-3241949212-526","PrincipalType":"Group","RightName":"GenericAll","IsInherited":false},{"PrincipalSID":"S-1-5-21-938073481-2205449962-3241949212-527","PrincipalType":"Group","RightName":"GenericAll","IsInherited":false}],"ObjectIdentifier":"B3B3233B-70D4-49D2-902B-3EA120F610D0","IsDeleted":false,"IsACLProtected":true},{"Properties":{"domain":"DEMO.LOCAL","name":"IP SECURITY@DEMO.LOCAL","distinguishedname":"CN=IP SECURITY,CN=SYSTEM,DC=DEMO,DC=LOCAL","domainsid":"S-1-5-21-938073481-2205449962-3241949212","highvalue":false},"ChildObjects":[],"Aces":[{"PrincipalSID":"S-1-5-21-938073481-2205449962-3241949212-512","PrincipalType":"Group","RightName":"Owns","IsInherited":false},{"PrincipalSID":"S-1-5-21-938073481-2205449962-3241949212-512","PrincipalType":"Group","RightName":"WriteDacl","IsInherited":false},{"PrincipalSID":"S-1-5-21-938073481-2205449962-3241949212-512","PrincipalType":"Group","RightName":"WriteOwner","IsInherited":false},{"PrincipalSID":"S-1-5-21-938073481-2205449962-3241949212-519","PrincipalType":"Group","RightName":"GenericAll","IsInherited":true},{"PrincipalSID":"DEMO.LOCAL-S-1-5-32-544","PrincipalType":"Group","RightName":"WriteDacl","IsInherited":true},{"PrincipalSID":"DEMO.LOCAL-S-1-5-32-544","PrincipalType":"Group","RightName":"WriteOwner","IsInherited":true}],"ObjectIdentifier":"5CDE1249-9F2B-4CE8-A623-9546D9845668","IsDeleted":false,"IsACLProtected":false},{"Properties":{"domain":"DEMO.LOCAL","name":"SYSTEM@DEMO.LOCAL","distinguishedname":"CN=SYSTEM,DC=DEMO,DC=LOCAL","domainsid":"S-1-5-21-938073481-2205449962-3241949212","highvalue":false},"ChildObjects":[],"Aces":[{"PrincipalSID":"S-1-5-21-938073481-2205449962-3241949212-512","PrincipalType":"Group","RightName":"Owns","IsInherited":false},{"PrincipalSID":"S-1-5-21-938073481-2205449962-3241949212-512","PrincipalType":"Group","RightName":"WriteDacl","IsInherited":false},{"PrincipalSID":"S-1-5-21-938073481-2205449962-3241949212-512","PrincipalType":"Group","RightName":"WriteOwner","IsInherited":false},{"PrincipalSID":"S-1-5-21-938073481-2205449962-3241949212-519","PrincipalType":"Group","RightName":"GenericAll","IsInherited":true},{"PrincipalSID":"DEMO.LOCAL-S-1-5-32-544","PrincipalType":"Group","RightName":"WriteDacl","IsInherited":true},{"PrincipalSID":"DEMO.LOCAL-S-1-5-32-544","PrincipalType":"Group","RightName":"WriteOwner","IsInherited":true}],"ObjectIdentifier":"FD3779FA-92DF-4657-B635-7BD4C2D5D8D0","IsDeleted":false,"IsACLProtected":false},{"Properties":{"domain":"DEMO.LOCAL","name":"COMPUTERS@DEMO.LOCAL","distinguishedname":"CN=COMPUTERS,DC=DEMO,DC=LOCAL","domainsid":"S-1-5-21-938073481-2205449962-3241949212","highvalue":false},"ChildObjects":[],"Aces":[{"PrincipalSID":"S-1-5-21-938073481-2205449962-3241949212-512","PrincipalType":"Group","RightName":"Owns","IsInherited":false},{"PrincipalSID":"S-1-5-21-938073481-2205449962-3241949212-512","PrincipalType":"Group","RightName":"WriteDacl","IsInherited":false},{"PrincipalSID":"S-1-5-21-938073481-2205449962-3241949212-512","PrincipalType":"Group","RightName":"WriteOwner","IsInherited":false},{"PrincipalSID":"S-1-5-21-938073481-2205449962-3241949212-519","PrincipalType":"Group","RightName":"GenericAll","IsInherited":true},{"PrincipalSID":"DEMO.LOCAL-S-1-5-32-544","PrincipalType":"Group","RightName":"WriteDacl","IsInherited":true},{"PrincipalSID":"DEMO.LOCAL-S-1-5-32-544","PrincipalType":"Group","RightName":"WriteOwner","IsInherited":true}],"ObjectIdentifier":"C0612C0C-0050-4333-A28C-5F81AD255C37","IsDeleted":false,"IsACLProtected":false},{"Properties":{"domain":"DEMO.LOCAL","name":"PROGRAM DATA@DEMO.LOCAL","distinguishedname":"CN=PROGRAM DATA,DC=DEMO,DC=LOCAL","domainsid":"S-1-5-21-938073481-2205449962-3241949212","highvalue":false},"ChildObjects":[],"Aces":[{"PrincipalSID":"S-1-5-21-938073481-2205449962-3241949212-512","PrincipalType":"Group","RightName":"Owns","IsInherited":false},{"PrincipalSID":"S-1-5-21-938073481-2205449962-3241949212-512","PrincipalType":"Group","RightName":"GenericAll","IsInherited":false},{"PrincipalSID":"S-1-5-21-938073481-2205449962-3241949212-519","PrincipalType":"Group","RightName":"GenericAll","IsInherited":true},{"PrincipalSID":"DEMO.LOCAL-S-1-5-32-544","PrincipalType":"Group","RightName":"WriteDacl","IsInherited":true},{"PrincipalSID":"DEMO.LOCAL-S-1-5-32-544","PrincipalType":"Group","RightName":"WriteOwner","IsInherited":true}],"ObjectIdentifier":"08148551-FDEF-4411-9884-0DADFE85A5C3","IsDeleted":false,"IsACLProtected":false},{"Properties":{"domain":"DEMO.LOCAL","name":"MEETINGS@DEMO.LOCAL","distinguishedname":"CN=MEETINGS,CN=SYSTEM,DC=DEMO,DC=LOCAL","domainsid":"S-1-5-21-938073481-2205449962-3241949212","highvalue":false},"ChildObjects":[],"Aces":[{"PrincipalSID":"S-1-5-21-938073481-2205449962-3241949212-512","PrincipalType":"Group","RightName":"Owns","IsInherited":false},{"PrincipalSID":"S-1-5-21-938073481-2205449962-3241949212-512","PrincipalType":"Group","RightName":"WriteDacl","IsInherited":false},{"PrincipalSID":"S-1-5-21-938073481-2205449962-3241949212-512","PrincipalType":"Group","RightName":"WriteOwner","IsInherited":false},{"PrincipalSID":"S-1-5-21-938073481-2205449962-3241949212-519","PrincipalType":"Group","RightName":"GenericAll","IsInherited":true},{"PrincipalSID":"DEMO.LOCAL-S-1-5-32-544","PrincipalType":"Group","RightName":"WriteDacl","IsInherited":true},{"PrincipalSID":"DEMO.LOCAL-S-1-5-32-544","PrincipalType":"Group","RightName":"WriteOwner","IsInherited":true}],"ObjectIdentifier":"D4A30261-0854-471D-A55B-22CD59547427","IsDeleted":false,"IsACLProtected":false},{"Properties":{"domain":"DEMO.LOCAL","name":"MANAGED SERVICE ACCOUNTS@DEMO.LOCAL","distinguishedname":"CN=MANAGED SERVICE ACCOUNTS,DC=DEMO,DC=LOCAL","domainsid":"S-1-5-21-938073481-2205449962-3241949212","highvalue":false},"ChildObjects":[],"Aces":[{"PrincipalSID":"S-1-5-21-938073481-2205449962-3241949212-512","PrincipalType":"Group","RightName":"Owns","IsInherited":false},{"PrincipalSID":"S-1-5-21-938073481-2205449962-3241949212-512","PrincipalType":"Group","RightName":"WriteDacl","IsInherited":false},{"PrincipalSID":"S-1-5-21-938073481-2205449962-3241949212-512","PrincipalType":"Group","RightName":"WriteOwner","IsInherited":false},{"PrincipalSID":"S-1-5-21-938073481-2205449962-3241949212-519","PrincipalType":"Group","RightName":"GenericAll","IsInherited":true},{"PrincipalSID":"DEMO.LOCAL-S-1-5-32-544","PrincipalType":"Group","RightName":"WriteDacl","IsInherited":true},{"PrincipalSID":"DEMO.LOCAL-S-1-5-32-544","PrincipalType":"Group","RightName":"WriteOwner","IsInherited":true}],"ObjectIdentifier":"71EB5ABB-2546-4ED9-BF69-24FE08F2446C","IsDeleted":false,"IsACLProtected":false},{"Properties":{"domain":"DEMO.LOCAL","name":"POLICIES@DEMO.LOCAL","distinguishedname":"CN=POLICIES,CN=SYSTEM,DC=DEMO,DC=LOCAL","domainsid":"S-1-5-21-938073481-2205449962-3241949212","highvalue":false},"ChildObjects":[],"Aces":[{"PrincipalSID":"S-1-5-21-938073481-2205449962-3241949212-512","PrincipalType":"Group","RightName":"Owns","IsInherited":false},{"PrincipalSID":"S-1-5-21-938073481-2205449962-3241949212-512","PrincipalType":"Group","RightName":"WriteDacl","IsInherited":false},{"PrincipalSID":"S-1-5-21-938073481-2205449962-3241949212-512","PrincipalType":"Group","RightName":"WriteOwner","IsInherited":false},{"PrincipalSID":"S-1-5-21-938073481-2205449962-3241949212-519","PrincipalType":"Group","RightName":"GenericAll","IsInherited":true},{"PrincipalSID":"DEMO.LOCAL-S-1-5-32-544","PrincipalType":"Group","RightName":"WriteDacl","IsInherited":true},{"PrincipalSID":"DEMO.LOCAL-S-1-5-32-544","PrincipalType":"Group","RightName":"WriteOwner","IsInherited":true}],"ObjectIdentifier":"3FD175E4-A834-4E0D-A84F-70D99BEA88C2","IsDeleted":false,"IsACLProtected":false},{"Properties":{"domain":"DEMO.LOCAL","name":"WMIGPO@DEMO.LOCAL","distinguishedname":"CN=WMIGPO,CN=WMIPOLICY,CN=SYSTEM,DC=DEMO,DC=LOCAL","domainsid":"S-1-5-21-938073481-2205449962-3241949212","highvalue":false},"ChildObjects":[],"Aces":[{"PrincipalSID":"S-1-5-21-938073481-2205449962-3241949212-512","PrincipalType":"Group","RightName":"Owns","IsInherited":false},{"PrincipalSID":"S-1-5-21-938073481-2205449962-3241949212-512","PrincipalType":"Group","RightName":"WriteDacl","IsInherited":false},{"PrincipalSID":"S-1-5-21-938073481-2205449962-3241949212-512","PrincipalType":"Group","RightName":"WriteOwner","IsInherited":false},{"PrincipalSID":"S-1-5-21-938073481-2205449962-3241949212-519","PrincipalType":"Group","RightName":"GenericAll","IsInherited":true},{"PrincipalSID":"S-1-5-21-938073481-2205449962-3241949212-512","PrincipalType":"Group","RightName":"GenericAll","IsInherited":true}],"ObjectIdentifier":"D05C0845-2ED9-4AFE-B428-508E676C7A06","IsDeleted":false,"IsACLProtected":false},{"Properties":{"domain":"DEMO.LOCAL","name":"RPCSERVICES@DEMO.LOCAL","distinguishedname":"CN=RPCSERVICES,CN=SYSTEM,DC=DEMO,DC=LOCAL","domainsid":"S-1-5-21-938073481-2205449962-3241949212","highvalue":false},"ChildObjects":[],"Aces":[{"PrincipalSID":"S-1-5-21-938073481-2205449962-3241949212-512","PrincipalType":"Group","RightName":"Owns","IsInherited":false},{"PrincipalSID":"S-1-5-21-938073481-2205449962-3241949212-512","PrincipalType":"Group","RightName":"WriteDacl","IsInherited":false},{"PrincipalSID":"S-1-5-21-938073481-2205449962-3241949212-512","PrincipalType":"Group","RightName":"WriteOwner","IsInherited":false},{"PrincipalSID":"S-1-5-21-938073481-2205449962-3241949212-519","PrincipalType":"Group","RightName":"GenericAll","IsInherited":true},{"PrincipalSID":"DEMO.LOCAL-S-1-5-32-544","PrincipalType":"Group","RightName":"WriteDacl","IsInherited":true},{"PrincipalSID":"DEMO.LOCAL-S-1-5-32-544","PrincipalType":"Group","RightName":"WriteOwner","IsInherited":true}],"ObjectIdentifier":"95F4E7DF-C68A-41C2-B184-F87E50D2EA1B","IsDeleted":false,"IsACLProtected":false},{"Properties":{"domain":"DEMO.LOCAL","name":"RAS AND IAS SERVERS ACCESS CHECK@DEMO.LOCAL","distinguishedname":"CN=RAS AND IAS SERVERS ACCESS CHECK,CN=SYSTEM,DC=DEMO,DC=LOCAL","domainsid":"S-1-5-21-938073481-2205449962-3241949212","highvalue":false},"ChildObjects":[],"Aces":[{"PrincipalSID":"S-1-5-21-938073481-2205449962-3241949212-512","PrincipalType":"Group","RightName":"Owns","IsInherited":false},{"PrincipalSID":"S-1-5-21-938073481-2205449962-3241949212-553","PrincipalType":"Group","RightName":"WriteDacl","IsInherited":false},{"PrincipalSID":"S-1-5-21-938073481-2205449962-3241949212-553","PrincipalType":"Group","RightName":"WriteOwner","IsInherited":false},{"PrincipalSID":"S-1-5-21-938073481-2205449962-3241949212-519","PrincipalType":"Group","RightName":"GenericAll","IsInherited":true},{"PrincipalSID":"DEMO.LOCAL-S-1-5-32-544","PrincipalType":"Group","RightName":"WriteDacl","IsInherited":true},{"PrincipalSID":"DEMO.LOCAL-S-1-5-32-544","PrincipalType":"Group","RightName":"WriteOwner","IsInherited":true}],"ObjectIdentifier":"1AA82184-E5CB-4540-A952-7FADABAF0E5A","IsDeleted":false,"IsACLProtected":false},{"Properties":{"domain":"DEMO.LOCAL","name":"PSPS@DEMO.LOCAL","distinguishedname":"CN=PSPS,CN=SYSTEM,DC=DEMO,DC=LOCAL","domainsid":"S-1-5-21-938073481-2205449962-3241949212","highvalue":false},"ChildObjects":[],"Aces":[{"PrincipalSID":"S-1-5-21-938073481-2205449962-3241949212-512","PrincipalType":"Group","RightName":"Owns","IsInherited":false},{"PrincipalSID":"S-1-5-21-938073481-2205449962-3241949212-512","PrincipalType":"Group","RightName":"GenericAll","IsInherited":false},{"PrincipalSID":"S-1-5-21-938073481-2205449962-3241949212-519","PrincipalType":"Group","RightName":"GenericAll","IsInherited":true},{"PrincipalSID":"DEMO.LOCAL-S-1-5-32-544","PrincipalType":"Group","RightName":"WriteDacl","IsInherited":true},{"PrincipalSID":"DEMO.LOCAL-S-1-5-32-544","PrincipalType":"Group","RightName":"WriteOwner","IsInherited":true}],"ObjectIdentifier":"DF448F1F-455A-43B0-B035-137FDFC5FA60","IsDeleted":false,"IsACLProtected":false},{"Properties":{"domain":"DEMO.LOCAL","name":"WINSOCKSERVICES@DEMO.LOCAL","distinguishedname":"CN=WINSOCKSERVICES,CN=SYSTEM,DC=DEMO,DC=LOCAL","domainsid":"S-1-5-21-938073481-2205449962-3241949212","highvalue":false},"ChildObjects":[],"Aces":[{"PrincipalSID":"S-1-5-21-938073481-2205449962-3241949212-512","PrincipalType":"Group","RightName":"Owns","IsInherited":false},{"PrincipalSID":"S-1-5-21-938073481-2205449962-3241949212-512","PrincipalType":"Group","RightName":"WriteDacl","IsInherited":false},{"PrincipalSID":"S-1-5-21-938073481-2205449962-3241949212-512","PrincipalType":"Group","RightName":"WriteOwner","IsInherited":false},{"PrincipalSID":"S-1-5-21-938073481-2205449962-3241949212-519","PrincipalType":"Group","RightName":"GenericAll","IsInherited":true},{"PrincipalSID":"DEMO.LOCAL-S-1-5-32-544","PrincipalType":"Group","RightName":"WriteDacl","IsInherited":true},{"PrincipalSID":"DEMO.LOCAL-S-1-5-32-544","PrincipalType":"Group","RightName":"WriteOwner","IsInherited":true}],"ObjectIdentifier":"B3B3A041-CA52-4649-ADE1-018CC335E509","IsDeleted":false,"IsACLProtected":false},{"Properties":{"domain":"DEMO.LOCAL","name":"POLICYTYPE@DEMO.LOCAL","distinguishedname":"CN=POLICYTYPE,CN=WMIPOLICY,CN=SYSTEM,DC=DEMO,DC=LOCAL","domainsid":"S-1-5-21-938073481-2205449962-3241949212","highvalue":false},"ChildObjects":[],"Aces":[{"PrincipalSID":"S-1-5-21-938073481-2205449962-3241949212-512","PrincipalType":"Group","RightName":"Owns","IsInherited":false},{"PrincipalSID":"S-1-5-21-938073481-2205449962-3241949212-512","PrincipalType":"Group","RightName":"WriteDacl","IsInherited":false},{"PrincipalSID":"S-1-5-21-938073481-2205449962-3241949212-512","PrincipalType":"Group","RightName":"WriteOwner","IsInherited":false},{"PrincipalSID":"S-1-5-21-938073481-2205449962-3241949212-519","PrincipalType":"Group","RightName":"GenericAll","IsInherited":true},{"PrincipalSID":"S-1-5-21-938073481-2205449962-3241949212-512","PrincipalType":"Group","RightName":"GenericAll","IsInherited":true}],"ObjectIdentifier":"D67CD7F6-4233-4F8E-85F1-045531F9975C","IsDeleted":false,"IsACLProtected":false},{"Properties":{"domain":"DEMO.LOCAL","name":"COMPARTITIONS@DEMO.LOCAL","distinguishedname":"CN=COMPARTITIONS,CN=SYSTEM,DC=DEMO,DC=LOCAL","domainsid":"S-1-5-21-938073481-2205449962-3241949212","highvalue":false},"ChildObjects":[],"Aces":[{"PrincipalSID":"S-1-5-21-938073481-2205449962-3241949212-512","PrincipalType":"Group","RightName":"Owns","IsInherited":false},{"PrincipalSID":"S-1-5-21-938073481-2205449962-3241949212-512","PrincipalType":"Group","RightName":"WriteDacl","IsInherited":false},{"PrincipalSID":"S-1-5-21-938073481-2205449962-3241949212-512","PrincipalType":"Group","RightName":"WriteOwner","IsInherited":false},{"PrincipalSID":"S-1-5-21-938073481-2205449962-3241949212-519","PrincipalType":"Group","RightName":"GenericAll","IsInherited":true},{"PrincipalSID":"DEMO.LOCAL-S-1-5-32-544","PrincipalType":"Group","RightName":"WriteDacl","IsInherited":true},{"PrincipalSID":"DEMO.LOCAL-S-1-5-32-544","PrincipalType":"Group","RightName":"WriteOwner","IsInherited":true}],"ObjectIdentifier":"4EEC5C12-6531-4311-A5DE-B8E48E68A008","IsDeleted":false,"IsACLProtected":false},{"Properties":{"domain":"DEMO.LOCAL","name":"COMPARTITIONSETS@DEMO.LOCAL","distinguishedname":"CN=COMPARTITIONSETS,CN=SYSTEM,DC=DEMO,DC=LOCAL","domainsid":"S-1-5-21-938073481-2205449962-3241949212","highvalue":false},"ChildObjects":[],"Aces":[{"PrincipalSID":"S-1-5-21-938073481-2205449962-3241949212-512","PrincipalType":"Group","RightName":"Owns","IsInherited":false},{"PrincipalSID":"S-1-5-21-938073481-2205449962-3241949212-512","PrincipalType":"Group","RightName":"WriteDacl","IsInherited":false},{"PrincipalSID":"S-1-5-21-938073481-2205449962-3241949212-512","PrincipalType":"Group","RightName":"WriteOwner","IsInherited":false},{"PrincipalSID":"S-1-5-21-938073481-2205449962-3241949212-519","PrincipalType":"Group","RightName":"GenericAll","IsInherited":true},{"PrincipalSID":"DEMO.LOCAL-S-1-5-32-544","PrincipalType":"Group","RightName":"WriteDacl","IsInherited":true},{"PrincipalSID":"DEMO.LOCAL-S-1-5-32-544","PrincipalType":"Group","RightName":"WriteOwner","IsInherited":true}],"ObjectIdentifier":"66907E87-5847-48D7-AFD4-9B40990D26B4","IsDeleted":false,"IsACLProtected":false},{"Properties":{"domain":"DEMO.LOCAL","name":"MICROSOFTDNS@DEMO.LOCAL","distinguishedname":"CN=MICROSOFTDNS,CN=SYSTEM,DC=DEMO,DC=LOCAL","domainsid":"S-1-5-21-938073481-2205449962-3241949212","highvalue":false},"ChildObjects":[],"Aces":[{"PrincipalSID":"DEMO.LOCAL-S-1-5-9","PrincipalType":"Group","RightName":"WriteDacl","IsInherited":false},{"PrincipalSID":"DEMO.LOCAL-S-1-5-9","PrincipalType":"Group","RightName":"WriteOwner","IsInherited":false},{"PrincipalSID":"S-1-5-21-938073481-2205449962-3241949212-512","PrincipalType":"Group","RightName":"GenericAll","IsInherited":false},{"PrincipalSID":"S-1-5-21-938073481-2205449962-3241949212-1101","PrincipalType":"Group","RightName":"WriteDacl","IsInherited":false},{"PrincipalSID":"S-1-5-21-938073481-2205449962-3241949212-1101","PrincipalType":"Group","RightName":"WriteOwner","IsInherited":false},{"PrincipalSID":"S-1-5-21-938073481-2205449962-3241949212-519","PrincipalType":"Group","RightName":"GenericAll","IsInherited":true},{"PrincipalSID":"DEMO.LOCAL-S-1-5-32-544","PrincipalType":"Group","RightName":"WriteDacl","IsInherited":true},{"PrincipalSID":"DEMO.LOCAL-S-1-5-32-544","PrincipalType":"Group","RightName":"WriteOwner","IsInherited":true}],"ObjectIdentifier":"24D801D7-E45B-49A1-87A0-2C0808D169F5","IsDeleted":false,"IsACLProtected":false},{"Properties":{"domain":"DEMO.LOCAL","name":"FOREIGNSECURITYPRINCIPALS@DEMO.LOCAL","distinguishedname":"CN=FOREIGNSECURITYPRINCIPALS,DC=DEMO,DC=LOCAL","domainsid":"S-1-5-21-938073481-2205449962-3241949212","highvalue":false},"ChildObjects":[],"Aces":[{"PrincipalSID":"S-1-5-21-938073481-2205449962-3241949212-512","PrincipalType":"Group","RightName":"Owns","IsInherited":false},{"PrincipalSID":"S-1-5-21-938073481-2205449962-3241949212-512","PrincipalType":"Group","RightName":"GenericAll","IsInherited":false},{"PrincipalSID":"S-1-5-21-938073481-2205449962-3241949212-519","PrincipalType":"Group","RightName":"GenericAll","IsInherited":true},{"PrincipalSID":"DEMO.LOCAL-S-1-5-32-544","PrincipalType":"Group","RightName":"WriteDacl","IsInherited":true},{"PrincipalSID":"DEMO.LOCAL-S-1-5-32-544","PrincipalType":"Group","RightName":"WriteOwner","IsInherited":true}],"ObjectIdentifier":"86FD4EC5-DA03-417F-A878-93EF2CF88672","IsDeleted":false,"IsACLProtected":false},{"Properties":{"domain":"DEMO.LOCAL","name":"MICROSOFT@DEMO.LOCAL","distinguishedname":"CN=MICROSOFT,CN=PROGRAM DATA,DC=DEMO,DC=LOCAL","domainsid":"S-1-5-21-938073481-2205449962-3241949212","highvalue":false},"ChildObjects":[],"Aces":[{"PrincipalSID":"S-1-5-21-938073481-2205449962-3241949212-512","PrincipalType":"Group","RightName":"Owns","IsInherited":false},{"PrincipalSID":"S-1-5-21-938073481-2205449962-3241949212-512","PrincipalType":"Group","RightName":"GenericAll","IsInherited":false},{"PrincipalSID":"S-1-5-21-938073481-2205449962-3241949212-519","PrincipalType":"Group","RightName":"GenericAll","IsInherited":true},{"PrincipalSID":"DEMO.LOCAL-S-1-5-32-544","PrincipalType":"Group","RightName":"WriteDacl","IsInherited":true},{"PrincipalSID":"DEMO.LOCAL-S-1-5-32-544","PrincipalType":"Group","RightName":"WriteOwner","IsInherited":true}],"ObjectIdentifier":"832905AA-F6CF-4735-8D8A-B0EBE4D0F1D5","IsDeleted":false,"IsACLProtected":false},{"Properties":{"domain":"DEMO.LOCAL","name":"USERS@DEMO.LOCAL","distinguishedname":"CN=USERS,DC=DEMO,DC=LOCAL","domainsid":"S-1-5-21-938073481-2205449962-3241949212","highvalue":false},"ChildObjects":[{"ObjectIdentifier":"S-1-5-21-938073481-2205449962-3241949212-571","ObjectType":"Group"},{"ObjectIdentifier":"S-1-5-21-938073481-2205449962-3241949212-517","ObjectType":"Group"},{"ObjectIdentifier":"S-1-5-21-938073481-2205449962-3241949212-522","ObjectType":"Group"},{"ObjectIdentifier":"S-1-5-21-938073481-2205449962-3241949212-572","ObjectType":"Group"},{"ObjectIdentifier":"S-1-5-21-938073481-2205449962-3241949212-1101","ObjectType":"Group"},{"ObjectIdentifier":"S-1-5-21-938073481-2205449962-3241949212-1102","ObjectType":"Group"},{"ObjectIdentifier":"S-1-5-21-938073481-2205449962-3241949212-512","ObjectType":"Group"},{"ObjectIdentifier":"S-1-5-21-938073481-2205449962-3241949212-515","ObjectType":"Group"},{"ObjectIdentifier":"S-1-5-21-938073481-2205449962-3241949212-516","ObjectType":"Group"},{"ObjectIdentifier":"S-1-5-21-938073481-2205449962-3241949212-514","ObjectType":"Group"},{"ObjectIdentifier":"S-1-5-21-938073481-2205449962-3241949212-513","ObjectType":"Group"},{"ObjectIdentifier":"S-1-5-21-938073481-2205449962-3241949212-519","ObjectType":"Group"},{"ObjectIdentifier":"S-1-5-21-938073481-2205449962-3241949212-527","ObjectType":"Group"},{"ObjectIdentifier":"S-1-5-21-938073481-2205449962-3241949212-498","ObjectType":"Group"},{"ObjectIdentifier":"S-1-5-21-938073481-2205449962-3241949212-520","ObjectType":"Group"},{"ObjectIdentifier":"S-1-5-21-938073481-2205449962-3241949212-501","ObjectType":"User"},{"ObjectIdentifier":"S-1-5-21-938073481-2205449962-3241949212-526","ObjectType":"Group"},{"ObjectIdentifier":"S-1-5-21-938073481-2205449962-3241949212-502","ObjectType":"User"},{"ObjectIdentifier":"S-1-5-21-938073481-2205449962-3241949212-525","ObjectType":"Group"},{"ObjectIdentifier":"S-1-5-21-938073481-2205449962-3241949212-553","ObjectType":"Group"},{"ObjectIdentifier":"S-1-5-21-938073481-2205449962-3241949212-521","ObjectType":"Group"},{"ObjectIdentifier":"S-1-5-21-938073481-2205449962-3241949212-500","ObjectType":"User"},{"ObjectIdentifier":"S-1-5-21-938073481-2205449962-3241949212-518","ObjectType":"Group"}],"Aces":[{"PrincipalSID":"S-1-5-21-938073481-2205449962-3241949212-512","PrincipalType":"Group","RightName":"Owns","IsInherited":false},{"PrincipalSID":"S-1-5-21-938073481-2205449962-3241949212-512","PrincipalType":"Group","RightName":"WriteDacl","IsInherited":false},{"PrincipalSID":"S-1-5-21-938073481-2205449962-3241949212-512","PrincipalType":"Group","RightName":"WriteOwner","IsInherited":false},{"PrincipalSID":"S-1-5-21-938073481-2205449962-3241949212-519","PrincipalType":"Group","RightName":"GenericAll","IsInherited":true},{"PrincipalSID":"DEMO.LOCAL-S-1-5-32-544","PrincipalType":"Group","RightName":"WriteDacl","IsInherited":true},{"PrincipalSID":"DEMO.LOCAL-S-1-5-32-544","PrincipalType":"Group","RightName":"WriteOwner","IsInherited":true}],"ObjectIdentifier":"DB8A5F79-E67B-493A-9B17-4138F69D9C5B","IsDeleted":false,"IsACLProtected":false}],"meta":{"methods":29695,"type":"containers","count":24,"version":5}}