﻿{"data":[{"Properties":{"domain":"DEMO.LOCAL","name":"DEFAULT DOMAIN CONTROLLERS POLICY@DEMO.LOCAL","distinguishedname":"CN={6AC1786C-016F-11D2-945F-00C04FB984F9},CN=POLICIES,CN=SYSTEM,DC=DEMO,DC=LOCAL","domainsid":"S-1-5-21-938073481-2205449962-3241949212","highvalue":false,"description":null,"whencreated":1670734352,"gpcpath":"\\\\DEMO.LOCAL\\SYSVOL\\DEMO.LOCAL\\POLICIES\\{6AC1786C-016F-11D2-945F-00C04FB984F9}"},"Aces":[{"PrincipalSID":"S-1-5-21-938073481-2205449962-3241949212-512","PrincipalType":"Group","RightName":"Owns","IsInherited":false},{"PrincipalSID":"S-1-5-21-938073481-2205449962-3241949212-512","PrincipalType":"Group","RightName":"WriteDacl","IsInherited":false},{"PrincipalSID":"S-1-5-21-938073481-2205449962-3241949212-512","PrincipalType":"Group","RightName":"WriteOwner","IsInherited":false},{"PrincipalSID":"S-1-5-21-938073481-2205449962-3241949212-512","PrincipalType":"Group","RightName":"GenericWrite","IsInherited":false},{"PrincipalSID":"S-1-5-21-938073481-2205449962-3241949212-512","PrincipalType":"Group","RightName":"WriteDacl","IsInherited":false},{"PrincipalSID":"S-1-5-21-938073481-2205449962-3241949212-512","PrincipalType":"Group","RightName":"WriteOwner","IsInherited":false},{"PrincipalSID":"S-1-5-21-938073481-2205449962-3241949212-512","PrincipalType":"Group","RightName":"GenericWrite","IsInherited":false},{"PrincipalSID":"S-1-5-21-938073481-2205449962-3241949212-519","PrincipalType":"Group","RightName":"WriteDacl","IsInherited":false},{"PrincipalSID":"S-1-5-21-938073481-2205449962-3241949212-519","PrincipalType":"Group","RightName":"WriteOwner","IsInherited":false},{"PrincipalSID":"S-1-5-21-938073481-2205449962-3241949212-519","PrincipalType":"Group","RightName":"GenericWrite","IsInherited":false}],"ObjectIdentifier":"25714AF7-49EE-46B1-9485-BD8D56EAA533","IsDeleted":false,"IsACLProtected":true},{"Properties":{"domain":"DEMO.LOCAL","name":"DEFAULT DOMAIN POLICY@DEMO.LOCAL","distinguishedname":"CN={31B2F340-016D-11D2-945F-00C04FB984F9},CN=POLICIES,CN=SYSTEM,DC=DEMO,DC=LOCAL","domainsid":"S-1-5-21-938073481-2205449962-3241949212","highvalue":false,"description":null,"whencreated":1670734352,"gpcpath":"\\\\DEMO.LOCAL\\SYSVOL\\DEMO.LOCAL\\POLICIES\\{31B2F340-016D-11D2-945F-00C04FB984F9}"},"Aces":[{"PrincipalSID":"S-1-5-21-938073481-2205449962-3241949212-512","PrincipalType":"Group","RightName":"Owns","IsInherited":false},{"PrincipalSID":"S-1-5-21-938073481-2205449962-3241949212-512","PrincipalType":"Group","RightName":"WriteDacl","IsInherited":false},{"PrincipalSID":"S-1-5-21-938073481-2205449962-3241949212-512","PrincipalType":"Group","RightName":"WriteOwner","IsInherited":false},{"PrincipalSID":"S-1-5-21-938073481-2205449962-3241949212-512","PrincipalType":"Group","RightName":"GenericWrite","IsInherited":false},{"PrincipalSID":"S-1-5-21-938073481-2205449962-3241949212-512","PrincipalType":"Group","RightName":"WriteDacl","IsInherited":false},{"PrincipalSID":"S-1-5-21-938073481-2205449962-3241949212-512","PrincipalType":"Group","RightName":"WriteOwner","IsInherited":false},{"PrincipalSID":"S-1-5-21-938073481-2205449962-3241949212-512","PrincipalType":"Group","RightName":"GenericWrite","IsInherited":false},{"PrincipalSID":"S-1-5-21-938073481-2205449962-3241949212-519","PrincipalType":"Group","RightName":"WriteDacl","IsInherited":false},{"PrincipalSID":"S-1-5-21-938073481-2205449962-3241949212-519","PrincipalType":"Group","RightName":"WriteOwner","IsInherited":false},{"PrincipalSID":"S-1-5-21-938073481-2205449962-3241949212-519","PrincipalType":"Group","RightName":"GenericWrite","IsInherited":false}],"ObjectIdentifier":"BCA28B9B-9D9D-4D0D-9FCD-C3FFDAAA53D8","IsDeleted":false,"IsACLProtected":true},{"Properties":{"domain":"DEMO.LOCAL","name":"GPO-DEMO COMPANY@DEMO.LOCAL","distinguishedname":"CN={925C163C-E822-48F6-8CFB-BF633F76C5D2},CN=POLICIES,CN=SYSTEM,DC=DEMO,DC=LOCAL","domainsid":"S-1-5-21-938073481-2205449962-3241949212","highvalue":false,"description":null,"whencreated":1670734851,"gpcpath":"\\\\DEMO.LOCAL\\SYSVOL\\DEMO.LOCAL\\POLICIES\\{925C163C-E822-48F6-8CFB-BF633F76C5D2}"},"Aces":[{"PrincipalSID":"S-1-5-21-938073481-2205449962-3241949212-512","PrincipalType":"Group","RightName":"WriteDacl","IsInherited":false},{"PrincipalSID":"S-1-5-21-938073481-2205449962-3241949212-512","PrincipalType":"Group","RightName":"WriteOwner","IsInherited":false},{"PrincipalSID":"S-1-5-21-938073481-2205449962-3241949212-512","PrincipalType":"Group","RightName":"GenericWrite","IsInherited":false},{"PrincipalSID":"S-1-5-21-938073481-2205449962-3241949212-519","PrincipalType":"Group","RightName":"WriteDacl","IsInherited":false},{"PrincipalSID":"S-1-5-21-938073481-2205449962-3241949212-519","PrincipalType":"Group","RightName":"WriteOwner","IsInherited":false},{"PrincipalSID":"S-1-5-21-938073481-2205449962-3241949212-519","PrincipalType":"Group","RightName":"GenericWrite","IsInherited":false}],"ObjectIdentifier":"D0286068-DD88-469C-BF77-6C03D967AEC3","IsDeleted":false,"IsACLProtected":true},{"Properties":{"domain":"DEMO.LOCAL","name":"GPO-DEMO COMPANY-COMPUTERS@DEMO.LOCAL","distinguishedname":"CN={D08CD65C-FE01-4FA7-9D2C-65D045F50E03},CN=POLICIES,CN=SYSTEM,DC=DEMO,DC=LOCAL","domainsid":"S-1-5-21-938073481-2205449962-3241949212","highvalue":false,"description":null,"whencreated":1670734852,"gpcpath":"\\\\DEMO.LOCAL\\SYSVOL\\DEMO.LOCAL\\POLICIES\\{D08CD65C-FE01-4FA7-9D2C-65D045F50E03}"},"Aces":[{"PrincipalSID":"S-1-5-21-938073481-2205449962-3241949212-512","PrincipalType":"Group","RightName":"WriteDacl","IsInherited":false},{"PrincipalSID":"S-1-5-21-938073481-2205449962-3241949212-512","PrincipalType":"Group","RightName":"WriteOwner","IsInherited":false},{"PrincipalSID":"S-1-5-21-938073481-2205449962-3241949212-512","PrincipalType":"Group","RightName":"GenericWrite","IsInherited":false},{"PrincipalSID":"S-1-5-21-938073481-2205449962-3241949212-519","PrincipalType":"Group","RightName":"WriteDacl","IsInherited":false},{"PrincipalSID":"S-1-5-21-938073481-2205449962-3241949212-519","PrincipalType":"Group","RightName":"WriteOwner","IsInherited":false},{"PrincipalSID":"S-1-5-21-938073481-2205449962-3241949212-519","PrincipalType":"Group","RightName":"GenericWrite","IsInherited":false}],"ObjectIdentifier":"722CBF9E-E53C-4818-A745-56DBB5CFA445","IsDeleted":false,"IsACLProtected":true},{"Properties":{"domain":"DEMO.LOCAL","name":"GPO-DEMO COMPANY-ADMINS@DEMO.LOCAL","distinguishedname":"CN={74E8F39C-9C3A-4432-9C00-CCAE07C39A9F},CN=POLICIES,CN=SYSTEM,DC=DEMO,DC=LOCAL","domainsid":"S-1-5-21-938073481-2205449962-3241949212","highvalue":false,"description":null,"whencreated":1670734852,"gpcpath":"\\\\DEMO.LOCAL\\SYSVOL\\DEMO.LOCAL\\POLICIES\\{74E8F39C-9C3A-4432-9C00-CCAE07C39A9F}"},"Aces":[{"PrincipalSID":"S-1-5-21-938073481-2205449962-3241949212-512","PrincipalType":"Group","RightName":"WriteDacl","IsInherited":false},{"PrincipalSID":"S-1-5-21-938073481-2205449962-3241949212-512","PrincipalType":"Group","RightName":"WriteOwner","IsInherited":false},{"PrincipalSID":"S-1-5-21-938073481-2205449962-3241949212-512","PrincipalType":"Group","RightName":"GenericWrite","IsInherited":false},{"PrincipalSID":"S-1-5-21-938073481-2205449962-3241949212-519","PrincipalType":"Group","RightName":"WriteDacl","IsInherited":false},{"PrincipalSID":"S-1-5-21-938073481-2205449962-3241949212-519","PrincipalType":"Group","RightName":"WriteOwner","IsInherited":false},{"PrincipalSID":"S-1-5-21-938073481-2205449962-3241949212-519","PrincipalType":"Group","RightName":"GenericWrite","IsInherited":false},{"PrincipalSID":"S-1-5-21-938073481-2205449962-3241949212-1177","PrincipalType":"User","RightName":"GenericWrite","IsInherited":false}],"ObjectIdentifier":"1EF2512E-5883-4607-BB99-AC281E62504D","IsDeleted":false,"IsACLProtected":true},{"Properties":{"domain":"DEMO.LOCAL","name":"GPO-DEMO COMPANY-SERVERS@DEMO.LOCAL","distinguishedname":"CN={F982D865-8B83-4C65-A0C1-A459FAD35F0D},CN=POLICIES,CN=SYSTEM,DC=DEMO,DC=LOCAL","domainsid":"S-1-5-21-938073481-2205449962-3241949212","highvalue":false,"description":null,"whencreated":1670734852,"gpcpath":"\\\\DEMO.LOCAL\\SYSVOL\\DEMO.LOCAL\\POLICIES\\{F982D865-8B83-4C65-A0C1-A459FAD35F0D}"},"Aces":[{"PrincipalSID":"S-1-5-21-938073481-2205449962-3241949212-512","PrincipalType":"Group","RightName":"WriteDacl","IsInherited":false},{"PrincipalSID":"S-1-5-21-938073481-2205449962-3241949212-512","PrincipalType":"Group","RightName":"WriteOwner","IsInherited":false},{"PrincipalSID":"S-1-5-21-938073481-2205449962-3241949212-512","PrincipalType":"Group","RightName":"GenericWrite","IsInherited":false},{"PrincipalSID":"S-1-5-21-938073481-2205449962-3241949212-519","PrincipalType":"Group","RightName":"WriteDacl","IsInherited":false},{"PrincipalSID":"S-1-5-21-938073481-2205449962-3241949212-519","PrincipalType":"Group","RightName":"WriteOwner","IsInherited":false},{"PrincipalSID":"S-1-5-21-938073481-2205449962-3241949212-519","PrincipalType":"Group","RightName":"GenericWrite","IsInherited":false}],"ObjectIdentifier":"DA142100-CB36-403C-B026-6302B7E94B41","IsDeleted":false,"IsACLProtected":true},{"Properties":{"domain":"DEMO.LOCAL","name":"GPO-DEMO COMPANY-USERS@DEMO.LOCAL","distinguishedname":"CN={0598CF56-A4EB-4D06-9EA3-9B4C02F9CCB6},CN=POLICIES,CN=SYSTEM,DC=DEMO,DC=LOCAL","domainsid":"S-1-5-21-938073481-2205449962-3241949212","highvalue":false,"description":null,"whencreated":1670734852,"gpcpath":"\\\\DEMO.LOCAL\\SYSVOL\\DEMO.LOCAL\\POLICIES\\{0598CF56-A4EB-4D06-9EA3-9B4C02F9CCB6}"},"Aces":[{"PrincipalSID":"S-1-5-21-938073481-2205449962-3241949212-512","PrincipalType":"Group","RightName":"WriteDacl","IsInherited":false},{"PrincipalSID":"S-1-5-21-938073481-2205449962-3241949212-512","PrincipalType":"Group","RightName":"WriteOwner","IsInherited":false},{"PrincipalSID":"S-1-5-21-938073481-2205449962-3241949212-512","PrincipalType":"Group","RightName":"GenericWrite","IsInherited":false},{"PrincipalSID":"S-1-5-21-938073481-2205449962-3241949212-519","PrincipalType":"Group","RightName":"WriteDacl","IsInherited":false},{"PrincipalSID":"S-1-5-21-938073481-2205449962-3241949212-519","PrincipalType":"Group","RightName":"WriteOwner","IsInherited":false},{"PrincipalSID":"S-1-5-21-938073481-2205449962-3241949212-519","PrincipalType":"Group","RightName":"GenericWrite","IsInherited":false}],"ObjectIdentifier":"1413648C-4750-44B1-8E20-795BA0117773","IsDeleted":false,"IsACLProtected":true}],"meta":{"methods":29695,"type":"gpos","count":7,"version":5}}